{
    "type": "minecraft:crafting_shaped",
    "pattern": [
        "###",
        "###",
        "###"
    ],
    "key": {
        "#": ["minecraft:gunpowder"]
    },
    "result": {
        "id": "minecraft:player_head",
        "count": 1,
        "components": {
          "minecraft:profile": {
              "id": [
                375802556,332154385,-1730221004,-1309631499
              ],
              "properties": [
                  {
                      "name": "textures",
                      "value": "eyJ0ZXh0dXJlcyI6eyJTS0lOIjp7InVybCI6Imh0dHA6Ly90ZXh0dXJlcy5taW5lY3JhZnQubmV0L3RleHR1cmUvZmRkNDM2NGZlMmIxOWE2YzExOWQxN2I1Njk0NGVmZjU2NmMxNGI0ZmVhNDVlOWI0YmMzMjkyOGQ1OTdmNDY4In19fQ=="
                  }
              ]
          },
          "minecraft:item_name": "{\"text\":\"Compressed Gunpowder\",\"color\":\"white\",\"bold\":false,\"italic\":false}",
          "minecraft:custom_data": {"stackraft":1}
        }
    }
}