{
    "type": "minecraft:crafting_shaped",
    "pattern": [
        "###",
        "###",
        "###"
    ],
    "key": {
        "#": ["minecraft:sugar_cane"]
    },
    "result": {
        "id": "minecraft:player_head",
        "count": 1,
        "components": {
          "minecraft:profile": {
              "id": [
                -1670403632,-1494988923,-1579692282,1405160319
              ],
              "properties": [
                  {
                      "name": "textures",
                      "value": "eyJ0ZXh0dXJlcyI6eyJTS0lOIjp7InVybCI6Imh0dHA6Ly90ZXh0dXJlcy5taW5lY3JhZnQubmV0L3RleHR1cmUvNWM0ZmM2NTI4M2E0MDY5OTllNzIxNTA4NjFkMWZjMmE3NmE4MWQ3NjJiYjI3Yzc3NmFiNGM0OWE0MzIwYjViOSJ9fX0="
                  }
              ]
          },
          "minecraft:item_name": "{\"text\":\"Compressed Sugar Cane\",\"color\":\"white\",\"bold\":false,\"italic\":false}",
          "minecraft:custom_data": {"stackraft":1}
        }
    }
}