{
    "type": "minecraft:crafting_shaped",
    "pattern": [
        "###",
        "###",
        "###"
    ],
    "key": {
        "#": ["minecraft:carrot"]
    },
    "result": {
        "id": "minecraft:player_head",
        "count": 1,
        "components": {
          "minecraft:profile": {
              "id": [
                -319110374,-1443871767,-1539027072,935922312
              ],
              "properties": [
                  {
                      "name": "textures",
                      "value": "eyJ0ZXh0dXJlcyI6eyJTS0lOIjp7InVybCI6Imh0dHA6Ly90ZXh0dXJlcy5taW5lY3JhZnQubmV0L3RleHR1cmUvNGQzYTZiZDk4YWMxODMzYzY2NGM0OTA5ZmY4ZDJkYzYyY2U4ODdiZGNmM2NjNWIzODQ4NjUxYWU1YWY2YiJ9fX0="
                  }
              ]
          },
          "minecraft:item_name": "{\"text\":\"Compressed Carrot\",\"color\":\"white\",\"bold\":false,\"italic\":false}",
          "minecraft:custom_data": {"stackraft":1}
        }
    }
}