{
    "type": "minecraft:crafting_shaped",
    "pattern": [
        "###",
        "###",
        "###"
    ],
    "key": {
        "#": ["minecraft:potato"]
    },
    "result": {
        "id": "minecraft:player_head",
        "count": 1,
        "components": {
          "minecraft:profile": {
              "id": [
                -84685895,-1383251578,-1667352216,1863931608
              ],
              "properties": [
                  {
                      "name": "textures",
                      "value": "eyJ0ZXh0dXJlcyI6eyJTS0lOIjp7InVybCI6Imh0dHA6Ly90ZXh0dXJlcy5taW5lY3JhZnQubmV0L3RleHR1cmUvY2Y0NjI0ZWJmN2Q0MTlhMTFlNDNlZDBjMjAzOGQzMmNkMDlhZDFkN2E2YzZlMjBmNjMzOWNiY2ZlMzg2ZmQxYyJ9fX0="
                  }
              ]
          },
          "minecraft:item_name": "{\"text\":\"Compressed Potato\",\"color\":\"white\",\"bold\":false,\"italic\":false}",
          "minecraft:custom_data": {"stackraft":1}
        }
    }
}